ID,Segmentation
458989.0,4
458994.0,2
459000.0,2
459003.0,3
459005.0,3
459008.0,4
459013.0,4
459014.0,3
459015.0,1
459016.0,4
459024.0,2
459026.0,3
459032.0,4
459033.0,2
459036.0,2
459039.0,3
459041.0,1
459045.0,4
459058.0,1
459061.0,2
459064.0,3
459074.0,1
459077.0,3
459080.0,2
459090.0,3
459091.0,3
459100.0,1
459106.0,4
459114.0,4
459116.0,4
459117.0,4
459119.0,4
459120.0,1
459121.0,2
459123.0,4
459130.0,1
459132.0,1
459136.0,2
459140.0,4
459143.0,1
459150.0,2
459160.0,3
459161.0,1
459162.0,3
459163.0,1
459167.0,2
459170.0,4
459171.0,3
459172.0,3
459175.0,3
459181.0,4
459182.0,1
459184.0,1
459185.0,1
459193.0,1
459194.0,1
459196.0,2
459208.0,4
459209.0,1
459210.0,2
459212.0,4
459213.0,3
459216.0,2
459220.0,4
459222.0,1
459223.0,3
459224.0,3
459227.0,4
459229.0,1
459236.0,2
459237.0,1
459244.0,4
459247.0,3
459263.0,3
459264.0,4
459266.0,4
459270.0,2
459284.0,3
459287.0,3
459288.0,4
459289.0,2
459290.0,4
459292.0,3
459296.0,3
459307.0,4
459310.0,3
459316.0,2
459318.0,1
459320.0,1
459322.0,2
459339.0,4
459344.0,4
459347.0,4
459349.0,4
459352.0,1
459353.0,3
459362.0,4
459363.0,2
459364.0,4
459375.0,3
459377.0,1
459383.0,3
459384.0,2
459385.0,2
459386.0,4
459391.0,4
459394.0,1
459397.0,3
459405.0,1
459407.0,3
459409.0,1
459410.0,3
459415.0,4
459418.0,2
459419.0,1
459420.0,4
459421.0,4
459423.0,2
459428.0,1
459432.0,3
459436.0,3
459439.0,2
459445.0,3
459447.0,1
459451.0,2
459459.0,4
459461.0,3
459466.0,1
459467.0,1
459480.0,3
459481.0,2
459482.0,3
459497.0,4
459503.0,3
459509.0,3
459512.0,2
459515.0,3
459535.0,3
459536.0,4
459538.0,1
459541.0,3
459549.0,3
459555.0,3
459558.0,4
459564.0,2
459566.0,3
459567.0,2
459571.0,3
459579.0,2
459583.0,2
459585.0,3
459587.0,3
459588.0,4
459591.0,4
459592.0,4
459594.0,1
459597.0,3
459603.0,3
459607.0,1
459617.0,1
459618.0,4
459625.0,2
459626.0,2
459632.0,3
459644.0,4
459658.0,3
459664.0,1
459665.0,1
459672.0,2
459673.0,1
459678.0,2
459686.0,3
459692.0,4
459701.0,1
459711.0,1
459715.0,4
459718.0,4
459725.0,3
459740.0,2
459742.0,2
459745.0,2
459747.0,3
459748.0,3
459756.0,4
459760.0,3
459767.0,1
459779.0,1
459780.0,4
459795.0,4
459801.0,2
459804.0,2
459806.0,4
459815.0,2
459822.0,1
459825.0,3
459832.0,2
459845.0,2
459851.0,3
459853.0,3
459856.0,3
459857.0,1
459861.0,3
459867.0,3
459869.0,1
459871.0,4
459886.0,2
459889.0,1
459897.0,2
459909.0,2
459910.0,3
459911.0,2
459914.0,1
459923.0,1
459925.0,1
459937.0,3
459943.0,4
459945.0,2
459946.0,4
459949.0,2
459953.0,3
459961.0,1
459962.0,1
459966.0,3
459968.0,4
459970.0,2
459973.0,2
459974.0,2
459975.0,3
459981.0,2
459986.0,1
459995.0,4
459996.0,3
459998.0,1
460004.0,3
460006.0,1
460014.0,3
460023.0,2
460040.0,4
460045.0,1
460046.0,4
460050.0,3
460051.0,4
460052.0,4
460058.0,4
460061.0,2
460066.0,1
460068.0,1
460073.0,1
460079.0,2
460081.0,4
460090.0,4
460093.0,2
460095.0,3
460101.0,2
460103.0,2
460105.0,1
460107.0,1
460108.0,3
460109.0,4
460112.0,2
460118.0,2
460119.0,4
460122.0,2
460124.0,1
460134.0,4
460135.0,1
460140.0,1
460141.0,4
460146.0,2
460147.0,4
460160.0,3
460162.0,2
460166.0,3
460167.0,3
460168.0,1
460171.0,1
460174.0,4
460175.0,1
460177.0,1
460179.0,3
460183.0,2
460185.0,2
460187.0,1
460189.0,1
460190.0,3
460196.0,1
460206.0,4
460212.0,1
460214.0,3
460223.0,2
460227.0,4
460242.0,1
460243.0,4
460248.0,1
460252.0,1
460263.0,4
460265.0,1
460270.0,2
460272.0,1
460275.0,2
460276.0,1
460281.0,4
460283.0,1
460284.0,4
460287.0,3
460289.0,2
460298.0,4
460306.0,4
460310.0,4
460315.0,1
460319.0,3
460323.0,3
460324.0,3
460327.0,4
460333.0,1
460336.0,2
460340.0,1
460341.0,2
460344.0,1
460348.0,3
460354.0,2
460356.0,1
460358.0,2
460361.0,1
460362.0,3
460365.0,4
460370.0,2
460371.0,1
460378.0,4
460379.0,3
460380.0,4
460381.0,3
460384.0,3
460387.0,2
460388.0,2
460389.0,3
460390.0,4
460392.0,2
460394.0,2
460397.0,2
460399.0,4
460401.0,2
460404.0,1
460405.0,2
460406.0,3
460408.0,4
460409.0,4
460415.0,2
460431.0,3
460437.0,2
460440.0,1
460443.0,3
460449.0,1
460450.0,1
460453.0,1
460459.0,1
460460.0,2
460477.0,1
460484.0,1
460485.0,2
460489.0,3
460495.0,1
460505.0,1
460507.0,3
460508.0,3
460518.0,1
460541.0,3
460545.0,1
460546.0,1
460549.0,4
460550.0,2
460551.0,4
460555.0,3
460561.0,3
460563.0,4
460571.0,2
460572.0,4
460574.0,3
460582.0,1
460583.0,1
460585.0,2
460586.0,1
460588.0,4
460597.0,1
460598.0,3
460605.0,4
460612.0,3
460621.0,1
460622.0,3
460626.0,2
460638.0,2
460645.0,1
460653.0,3
460656.0,1
460658.0,3
460661.0,4
460678.0,4
460687.0,4
460691.0,4
460702.0,4
460703.0,1
460706.0,1
460708.0,2
460716.0,3
460720.0,1
460722.0,1
460726.0,3
460727.0,3
460729.0,1
460733.0,1
460740.0,2
460743.0,4
460746.0,4
460763.0,4
460769.0,1
460780.0,1
460783.0,4
460785.0,3
460789.0,4
460794.0,3
460796.0,2
460802.0,1
460811.0,1
460813.0,3
460815.0,2
460822.0,1
460825.0,1
460828.0,3
460830.0,1
460831.0,3
460837.0,4
460840.0,3
460846.0,1
460847.0,4
460851.0,2
460857.0,1
460860.0,3
460861.0,2
460866.0,1
460872.0,2
460877.0,3
460878.0,3
460882.0,1
460888.0,2
460891.0,3
460897.0,3
460898.0,2
460901.0,3
460902.0,3
460905.0,2
460906.0,3
460907.0,1
460923.0,3
460924.0,3
460928.0,2
460934.0,4
460935.0,4
460945.0,1
460953.0,4
460961.0,1
460962.0,1
460963.0,1
460968.0,3
460976.0,3
460977.0,2
460979.0,4
460981.0,4
460984.0,4
460988.0,4
460989.0,1
460991.0,4
460993.0,4
460999.0,3
461000.0,1
461015.0,3
461016.0,3
461022.0,4
461024.0,3
461028.0,1
461029.0,1
461034.0,4
461038.0,3
461041.0,1
461043.0,4
461044.0,2
461049.0,1
461059.0,4
461060.0,4
461071.0,4
461078.0,1
461082.0,2
461085.0,2
461093.0,3
461099.0,1
461111.0,3
461114.0,3
461116.0,3
461119.0,2
461121.0,3
461124.0,3
461127.0,4
461128.0,3
461129.0,4
461145.0,1
461154.0,4
461162.0,1
461163.0,3
461168.0,3
461169.0,4
461177.0,4
461178.0,2
461179.0,3
461183.0,2
461187.0,3
461197.0,4
461211.0,1
461214.0,1
461215.0,1
461218.0,4
461220.0,3
461221.0,3
461225.0,1
461236.0,4
461237.0,4
461241.0,3
461242.0,4
461243.0,3
461248.0,2
461252.0,2
461256.0,3
461257.0,1
461258.0,1
461262.0,1
461263.0,1
461265.0,1
461269.0,3
461276.0,1
461277.0,4
461281.0,3
461286.0,4
461289.0,1
461297.0,4
461299.0,4
461303.0,3
461308.0,3
461309.0,2
461314.0,4
461319.0,4
461320.0,3
461322.0,3
461323.0,3
461324.0,4
461326.0,1
461335.0,4
461340.0,3
461346.0,1
461348.0,3
461350.0,1
461352.0,3
461356.0,4
461357.0,4
461363.0,4
461366.0,4
461370.0,4
461378.0,1
461383.0,3
461397.0,1
461402.0,4
461408.0,2
461423.0,1
461426.0,4
461428.0,4
461432.0,2
461437.0,1
461439.0,2
461441.0,3
461442.0,2
461454.0,4
461456.0,4
461457.0,4
461458.0,4
461462.0,2
461465.0,4
461466.0,2
461469.0,4
461476.0,4
461479.0,4
461480.0,1
461482.0,4
461494.0,1
461501.0,4
461503.0,1
461510.0,4
461514.0,4
461516.0,1
461518.0,3
461521.0,1
461522.0,1
461525.0,2
461526.0,4
461530.0,1
461534.0,2
461546.0,4
461548.0,2
461553.0,1
461556.0,3
461558.0,2
461564.0,3
461570.0,3
461574.0,3
461587.0,4
461593.0,4
461604.0,3
461612.0,2
461615.0,4
461617.0,2
461626.0,2
461630.0,2
461637.0,3
461644.0,1
461653.0,1
461655.0,2
461658.0,2
461659.0,3
461661.0,2
461663.0,1
461668.0,4
461671.0,2
461674.0,2
461676.0,2
461679.0,2
461681.0,3
461683.0,3
461685.0,4
461686.0,2
461690.0,4
461694.0,2
461695.0,1
461698.0,2
461701.0,4
461705.0,3
461708.0,4
461709.0,2
461711.0,1
461716.0,2
461720.0,4
461722.0,2
461724.0,4
461725.0,2
461727.0,4
461737.0,3
461744.0,3
461747.0,3
461749.0,3
461752.0,4
461756.0,2
461760.0,4
461769.0,4
461771.0,3
461775.0,1
461778.0,4
461780.0,3
461784.0,3
461788.0,1
461791.0,4
461792.0,3
461800.0,1
461801.0,1
461802.0,3
461804.0,4
461807.0,1
461815.0,3
461816.0,1
461821.0,3
461822.0,3
461824.0,1
461837.0,3
461845.0,4
461846.0,1
461848.0,2
461858.0,4
461859.0,3
461860.0,2
461862.0,4
461864.0,4
461872.0,2
461873.0,2
461874.0,4
461882.0,4
461892.0,4
461896.0,4
461898.0,2
461899.0,2
461901.0,2
461913.0,1
461921.0,4
461927.0,4
461929.0,4
461930.0,2
461936.0,1
461941.0,1
461943.0,2
461962.0,4
461963.0,1
461965.0,4
461967.0,4
461968.0,1
461978.0,4
461988.0,3
461993.0,4
461994.0,2
461996.0,2
461999.0,3
462007.0,1
462011.0,4
462013.0,1
462015.0,3
462016.0,3
462017.0,4
462027.0,1
462029.0,1
462033.0,3
462038.0,2
462043.0,3
462044.0,2
462048.0,3
462052.0,1
462058.0,2
462060.0,4
462064.0,4
462068.0,2
462075.0,3
462078.0,2
462080.0,3
462081.0,4
462083.0,4
462084.0,2
462085.0,4
462088.0,4
462090.0,1
462091.0,1
462102.0,1
462103.0,2
462109.0,1
462111.0,3
462114.0,2
462116.0,2
462118.0,3
462120.0,4
462128.0,4
462131.0,2
462141.0,4
462149.0,2
462151.0,1
462163.0,3
462168.0,1
462171.0,1
462172.0,1
462174.0,4
462179.0,4
462180.0,4
462186.0,4
462187.0,3
462188.0,3
462196.0,1
462197.0,2
462200.0,1
462202.0,2
462203.0,3
462204.0,4
462205.0,4
462209.0,1
462210.0,1
462211.0,3
462214.0,3
462216.0,1
462218.0,3
462220.0,3
462222.0,2
462231.0,1
462232.0,1
462240.0,4
462243.0,4
462246.0,4
462249.0,2
462256.0,2
462260.0,1
462274.0,1
462275.0,1
462278.0,2
462279.0,4
462280.0,4
462281.0,2
462284.0,4
462286.0,4
462290.0,1
462297.0,2
462300.0,1
462304.0,3
462306.0,1
462310.0,1
462323.0,2
462336.0,2
462339.0,1
462340.0,3
462342.0,3
462345.0,1
462346.0,3
462349.0,1
462356.0,1
462358.0,1
462365.0,3
462368.0,4
462370.0,3
462381.0,3
462382.0,1
462386.0,4
462389.0,2
462395.0,3
462397.0,3
462400.0,2
462401.0,2
462409.0,2
462411.0,2
462415.0,2
462420.0,3
462421.0,3
462423.0,4
462424.0,2
462428.0,4
462429.0,3
462445.0,4
462446.0,2
462447.0,1
462451.0,2
462454.0,3
462456.0,2
462457.0,1
462463.0,4
462472.0,4
462485.0,1
462488.0,3
462491.0,1
462492.0,4
462496.0,2
462498.0,1
462503.0,2
462508.0,2
462517.0,1
462518.0,1
462519.0,2
462521.0,4
462522.0,2
462525.0,4
462526.0,1
462529.0,3
462533.0,2
462538.0,3
462541.0,2
462542.0,4
462543.0,4
462545.0,2
462554.0,2
462561.0,4
462563.0,2
462577.0,1
462578.0,1
462580.0,3
462584.0,4
462587.0,3
462589.0,3
462595.0,3
462600.0,4
462609.0,4
462611.0,1
462613.0,3
462615.0,4
462617.0,3
462625.0,4
462626.0,4
462654.0,3
462668.0,1
462678.0,1
462683.0,2
462687.0,4
462696.0,2
462702.0,3
462704.0,2
462705.0,3
462716.0,3
462723.0,4
462727.0,4
462729.0,2
462731.0,1
462735.0,3
462736.0,2
462739.0,4
462743.0,1
462746.0,4
462747.0,4
462756.0,2
462761.0,2
462762.0,1
462767.0,3
462768.0,4
462776.0,2
462788.0,4
462804.0,1
462810.0,1
462814.0,1
462817.0,3
462819.0,3
462824.0,2
462826.0,3
462827.0,3
462834.0,1
462838.0,4
462841.0,3
462845.0,3
462849.0,3
462850.0,4
462853.0,2
462854.0,3
462858.0,3
462861.0,3
462866.0,3
462868.0,3
462869.0,3
462871.0,3
462872.0,1
462874.0,4
462887.0,3
462890.0,4
462891.0,1
462894.0,2
462900.0,1
462905.0,4
462914.0,3
462920.0,1
462923.0,4
462927.0,1
462944.0,2
462951.0,3
462956.0,2
462958.0,2
462963.0,3
462966.0,4
462968.0,1
462971.0,3
462976.0,4
462981.0,4
462982.0,3
462983.0,4
462984.0,1
462986.0,4
462998.0,4
463003.0,3
463020.0,1
463023.0,1
463028.0,3
463030.0,1
463034.0,2
463037.0,1
463039.0,3
463040.0,1
463051.0,2
463052.0,2
463069.0,3
463075.0,1
463080.0,4
463083.0,2
463085.0,3
463088.0,4
463089.0,1
463090.0,3
463091.0,3
463094.0,1
463100.0,1
463102.0,3
463104.0,2
463106.0,4
463108.0,1
463120.0,4
463133.0,1
463144.0,3
463145.0,1
463146.0,2
463148.0,3
463149.0,1
463150.0,2
463151.0,4
463154.0,4
463157.0,3
463158.0,2
463163.0,2
463164.0,3
463165.0,2
463166.0,3
463171.0,4
463173.0,2
463174.0,2
463181.0,3
463187.0,2
463195.0,3
463196.0,3
463199.0,2
463201.0,2
463203.0,2
463204.0,2
463209.0,3
463218.0,4
463219.0,1
463220.0,3
463224.0,2
463240.0,3
463242.0,1
463244.0,1
463245.0,4
463248.0,4
463251.0,3
463256.0,2
463258.0,2
463260.0,1
463265.0,3
463267.0,3
463269.0,4
463273.0,3
463277.0,1
463278.0,3
463280.0,3
463292.0,3
463308.0,4
463316.0,3
463323.0,1
463324.0,1
463330.0,3
463332.0,1
463334.0,3
463338.0,1
463340.0,1
463341.0,2
463348.0,4
463356.0,4
463360.0,1
463367.0,2
463368.0,3
463375.0,3
463376.0,4
463378.0,2
463379.0,3
463386.0,4
463391.0,3
463406.0,2
463409.0,1
463420.0,4
463423.0,1
463427.0,4
463428.0,3
463437.0,4
463438.0,2
463443.0,3
463447.0,1
463452.0,2
463462.0,3
463475.0,2
463477.0,1
463483.0,3
463491.0,1
463499.0,2
463500.0,1
463503.0,2
463508.0,4
463509.0,2
463512.0,3
463516.0,4
463527.0,1
463533.0,4
463537.0,1
463545.0,4
463548.0,1
463550.0,3
463553.0,2
463554.0,4
463557.0,2
463560.0,4
463561.0,2
463572.0,4
463577.0,1
463586.0,1
463588.0,2
463598.0,4
463603.0,4
463605.0,1
463606.0,1
463614.0,4
463616.0,1
463619.0,2
463620.0,4
463623.0,3
463624.0,3
463628.0,4
463632.0,2
463638.0,1
463639.0,4
463640.0,1
463644.0,4
463654.0,1
463655.0,4
463661.0,3
463664.0,2
463665.0,3
463669.0,1
463699.0,1
463703.0,3
463704.0,4
463707.0,4
463713.0,3
463716.0,4
463718.0,1
463722.0,3
463724.0,3
463726.0,4
463727.0,2
463728.0,4
463732.0,3
463734.0,2
463741.0,4
463745.0,1
463747.0,4
463748.0,3
463753.0,4
463756.0,4
463761.0,2
463764.0,1
463767.0,1
463768.0,1
463774.0,1
463776.0,1
463782.0,4
463784.0,3
463785.0,3
463790.0,3
463799.0,2
463800.0,2
463804.0,4
463807.0,2
463811.0,3
463814.0,2
463816.0,4
463818.0,1
463821.0,2
463827.0,1
463828.0,4
463830.0,2
463834.0,4
463835.0,1
463842.0,4
463847.0,2
463856.0,4
463857.0,3
463859.0,2
463865.0,1
463877.0,3
463880.0,3
463884.0,4
463891.0,3
463892.0,3
463904.0,1
463917.0,1
463923.0,1
463924.0,3
463926.0,1
463931.0,3
463932.0,1
463941.0,3
463943.0,3
463946.0,4
463948.0,1
463951.0,2
463955.0,2
463958.0,2
463961.0,4
463963.0,2
463966.0,3
463978.0,1
463980.0,1
463983.0,2
463986.0,4
463997.0,1
464000.0,3
464004.0,4
464007.0,3
464009.0,1
464010.0,3
464013.0,4
464019.0,2
464021.0,4
464023.0,3
464030.0,3
464031.0,4
464032.0,1
464033.0,3
464039.0,4
464042.0,2
464046.0,2
464048.0,3
464049.0,1
464053.0,2
464054.0,1
464059.0,2
464063.0,1
464066.0,4
464067.0,1
464068.0,3
464071.0,3
464072.0,2
464076.0,2
464084.0,3
464096.0,3
464099.0,3
464103.0,1
464110.0,3
464112.0,3
464115.0,4
464118.0,1
464121.0,3
464123.0,2
464127.0,4
464132.0,1
464137.0,1
464139.0,4
464144.0,3
464152.0,3
464167.0,3
464172.0,3
464173.0,4
464176.0,2
464179.0,3
464180.0,2
464182.0,4
464183.0,1
464185.0,4
464195.0,3
464200.0,2
464202.0,1
464204.0,3
464205.0,4
464206.0,2
464211.0,3
464212.0,1
464217.0,2
464223.0,4
464226.0,4
464231.0,3
464232.0,2
464246.0,1
464254.0,2
464255.0,3
464265.0,3
464270.0,1
464271.0,4
464274.0,4
464276.0,3
464283.0,4
464286.0,2
464289.0,4
464292.0,1
464297.0,4
464298.0,2
464308.0,1
464318.0,3
464320.0,1
464326.0,2
464332.0,1
464339.0,3
464344.0,4
464351.0,4
464364.0,1
464368.0,4
464370.0,4
464373.0,4
464378.0,3
464381.0,2
464382.0,1
464386.0,1
464387.0,1
464389.0,2
464396.0,3
464412.0,2
464424.0,3
464425.0,2
464432.0,2
464436.0,4
464437.0,4
464441.0,2
464451.0,4
464456.0,2
464468.0,3
464473.0,1
464474.0,3
464478.0,2
464481.0,4
464482.0,4
464483.0,4
464485.0,2
464487.0,2
464488.0,4
464494.0,2
464499.0,1
464501.0,3
464504.0,2
464506.0,4
464522.0,4
464526.0,2
464528.0,4
464536.0,3
464540.0,1
464544.0,1
464549.0,3
464552.0,1
464553.0,1
464555.0,2
464560.0,1
464561.0,1
464566.0,3
464569.0,1
464570.0,2
464572.0,4
464576.0,4
464577.0,1
464580.0,2
464586.0,1
464593.0,1
464594.0,4
464597.0,3
464601.0,1
464603.0,2
464606.0,2
464607.0,1
464608.0,3
464620.0,4
464621.0,4
464641.0,4
464652.0,1
464654.0,2
464664.0,4
464666.0,4
464670.0,2
464673.0,3
464674.0,2
464675.0,1
464677.0,1
464683.0,3
464684.0,4
464685.0,1
464688.0,4
464691.0,4
464692.0,1
464693.0,1
464695.0,1
464696.0,3
464697.0,2
464699.0,3
464701.0,2
464704.0,3
464711.0,1
464712.0,4
464726.0,1
464728.0,3
464732.0,2
464737.0,1
464739.0,2
464746.0,2
464755.0,2
464756.0,3
464758.0,4
464760.0,1
464765.0,1
464766.0,1
464772.0,1
464774.0,2
464780.0,3
464792.0,1
464799.0,1
464802.0,3
464804.0,3
464806.0,3
464812.0,4
464813.0,1
464817.0,2
464825.0,4
464827.0,4
464828.0,3
464831.0,4
464835.0,1
464845.0,3
464849.0,1
464851.0,3
464852.0,4
464854.0,3
464857.0,2
464864.0,2
464865.0,3
464868.0,1
464872.0,2
464873.0,1
464879.0,4
464884.0,2
464885.0,3
464886.0,2
464902.0,2
464910.0,4
464911.0,3
464919.0,4
464920.0,2
464921.0,1
464927.0,4
464932.0,3
464938.0,2
464939.0,3
464940.0,3
464944.0,4
464947.0,2
464957.0,2
464960.0,1
464961.0,1
464963.0,2
464972.0,2
464981.0,3
464987.0,3
464990.0,4
464991.0,3
464995.0,3
465001.0,3
465005.0,3
465012.0,3
465014.0,3
465022.0,1
465023.0,2
465026.0,2
465032.0,2
465035.0,3
465038.0,4
465039.0,1
465040.0,1
465045.0,4
465056.0,4
465069.0,4
465076.0,3
465079.0,3
465082.0,1
465087.0,3
465092.0,3
465093.0,3
465095.0,2
465099.0,4
465100.0,2
465101.0,1
465105.0,3
465111.0,2
465112.0,4
465113.0,3
465119.0,1
465120.0,1
465121.0,3
465122.0,2
465124.0,3
465128.0,3
465134.0,1
465136.0,4
465144.0,1
465147.0,3
465150.0,2
465153.0,1
465155.0,3
465160.0,1
465164.0,4
465171.0,1
465172.0,4
465175.0,1
465176.0,4
465181.0,3
465182.0,3
465186.0,1
465187.0,1
465188.0,4
465189.0,3
465194.0,1
465196.0,4
465197.0,1
465201.0,1
465202.0,1
465203.0,1
465204.0,4
465213.0,4
465214.0,3
465216.0,2
465226.0,2
465228.0,4
465231.0,4
465236.0,3
465242.0,1
465249.0,1
465254.0,3
465261.0,4
465264.0,3
465267.0,1
465274.0,2
465285.0,3
465288.0,2
465289.0,1
465290.0,4
465294.0,1
465296.0,3
465303.0,1
465306.0,3
465310.0,2
465319.0,1
465333.0,4
465335.0,3
465340.0,2
465342.0,4
465344.0,4
465351.0,2
465352.0,1
465354.0,3
465357.0,3
465358.0,1
465359.0,4
465364.0,3
465366.0,1
465371.0,3
465372.0,2
465383.0,4
465384.0,1
465391.0,2
465393.0,1
465395.0,4
465399.0,4
465410.0,3
465419.0,3
465423.0,4
465428.0,4
465435.0,3
465437.0,1
465440.0,4
465441.0,2
465445.0,3
465458.0,3
465461.0,1
465471.0,2
465473.0,4
465477.0,3
465479.0,1
465482.0,2
465483.0,2
465484.0,2
465488.0,4
465489.0,3
465492.0,4
465505.0,2
465507.0,1
465508.0,1
465510.0,4
465518.0,4
465520.0,3
465521.0,1
465522.0,4
465529.0,4
465539.0,2
465541.0,1
465543.0,3
465550.0,4
465554.0,4
465558.0,2
465568.0,4
465569.0,1
465571.0,2
465577.0,4
465584.0,1
465586.0,4
465594.0,4
465598.0,3
465600.0,1
465602.0,3
465605.0,2
465611.0,1
465612.0,3
465616.0,4
465621.0,1
465625.0,4
465627.0,3
465629.0,4
465635.0,4
465640.0,4
465644.0,3
465645.0,1
465649.0,4
465651.0,3
465653.0,4
465655.0,3
465658.0,3
465663.0,2
465667.0,1
465668.0,2
465669.0,3
465670.0,3
465675.0,2
465680.0,3
465685.0,2
465689.0,4
465697.0,2
465703.0,1
465704.0,1
465705.0,2
465706.0,3
465721.0,1
465725.0,4
465727.0,1
465733.0,3
465734.0,1
465736.0,3
465737.0,4
465740.0,3
465742.0,1
465751.0,1
465753.0,2
465766.0,1
465768.0,1
465769.0,1
465772.0,1
465775.0,2
465776.0,3
465777.0,3
465784.0,3
465788.0,4
465793.0,4
465797.0,4
465804.0,2
465809.0,1
465811.0,2
465813.0,2
465818.0,3
465823.0,1
465826.0,1
465828.0,4
465829.0,1
465831.0,1
465841.0,4
465848.0,2
465849.0,1
465851.0,2
465857.0,2
465863.0,4
465865.0,4
465866.0,1
465867.0,3
465873.0,3
465875.0,3
465884.0,4
465893.0,4
465894.0,1
465916.0,2
465923.0,2
465925.0,1
465927.0,1
465930.0,1
465931.0,3
465935.0,4
465937.0,3
465941.0,1
465948.0,1
465953.0,2
465957.0,1
465960.0,4
465961.0,1
465963.0,2
465965.0,3
465972.0,1
465974.0,3
465975.0,4
465976.0,2
465979.0,4
465982.0,3
465996.0,4
465997.0,4
466001.0,4
466007.0,4
466017.0,2
466019.0,2
466020.0,2
466024.0,2
466042.0,1
466043.0,2
466046.0,3
466071.0,3
466079.0,4
466082.0,1
466083.0,4
466084.0,3
466088.0,1
466092.0,3
466099.0,2
466103.0,2
466109.0,4
466111.0,4
466114.0,3
466115.0,2
466118.0,2
466124.0,1
466128.0,4
466130.0,2
466132.0,2
466136.0,2
466138.0,4
466140.0,1
466141.0,3
466142.0,1
466146.0,4
466148.0,2
466149.0,1
466153.0,2
466154.0,4
466156.0,2
466162.0,2
466166.0,1
466172.0,4
466178.0,1
466180.0,2
466185.0,3
466200.0,3
466201.0,3
466206.0,3
466207.0,4
466208.0,2
466210.0,1
466213.0,2
466223.0,4
466225.0,2
466226.0,2
466233.0,4
466235.0,2
466236.0,1
466238.0,4
466246.0,1
466253.0,4
466257.0,1
466268.0,2
466271.0,4
466276.0,1
466285.0,4
466286.0,1
466287.0,2
466289.0,4
466292.0,4
466297.0,2
466300.0,1
466301.0,4
466306.0,4
466313.0,1
466315.0,1
466317.0,1
466318.0,2
466320.0,3
466321.0,1
466324.0,2
466326.0,1
466335.0,1
466337.0,1
466341.0,3
466347.0,2
466352.0,1
466355.0,4
466367.0,2
466372.0,2
466373.0,2
466376.0,3
466380.0,1
466381.0,3
466382.0,4
466387.0,1
466389.0,2
466393.0,3
466395.0,4
466397.0,2
466400.0,3
466401.0,4
466402.0,1
466404.0,4
466406.0,2
466408.0,3
466411.0,4
466414.0,2
466418.0,4
466419.0,3
466422.0,3
466427.0,1
466429.0,2
466443.0,1
466450.0,1
466455.0,3
466456.0,4
466463.0,4
466464.0,4
466467.0,2
466468.0,3
466474.0,1
466478.0,2
466486.0,3
466488.0,2
466490.0,1
466493.0,2
466500.0,4
466501.0,4
466502.0,4
466516.0,2
466526.0,4
466527.0,1
466533.0,1
466535.0,3
466536.0,4
466538.0,4
466541.0,1
466543.0,4
466545.0,1
466552.0,4
466553.0,4
466556.0,1
466562.0,1
466564.0,1
466565.0,1
466576.0,4
466586.0,1
466588.0,2
466596.0,1
466603.0,4
466606.0,3
466613.0,2
466631.0,2
466634.0,4
466635.0,1
466650.0,4
466652.0,4
466655.0,2
466656.0,3
466658.0,2
466665.0,4
466666.0,2
466686.0,4
466687.0,1
466688.0,3
466689.0,1
466696.0,3
466704.0,4
466705.0,2
466707.0,3
466713.0,1
466720.0,2
466721.0,1
466725.0,2
466731.0,2
466732.0,4
466746.0,2
466752.0,4
466753.0,3
466754.0,1
466760.0,2
466765.0,4
466769.0,1
466775.0,2
466776.0,4
466777.0,1
466778.0,4
466788.0,3
466790.0,4
466791.0,4
466792.0,1
466799.0,1
466808.0,1
466810.0,4
466814.0,2
466815.0,3
466816.0,4
466818.0,2
466826.0,4
466832.0,4
466833.0,1
466846.0,4
466863.0,3
466867.0,1
466874.0,3
466884.0,4
466886.0,4
466891.0,4
466905.0,2
466906.0,2
466908.0,2
466909.0,4
466910.0,2
466918.0,2
466920.0,4
466923.0,2
466927.0,4
466936.0,4
466938.0,1
466939.0,4
466951.0,1
466954.0,4
466955.0,3
466956.0,1
466961.0,4
466966.0,3
466967.0,1
466970.0,3
466971.0,3
466975.0,4
466990.0,3
466996.0,1
466999.0,3
467000.0,3
467008.0,2
467009.0,3
467022.0,2
467023.0,3
467025.0,4
467044.0,2
467046.0,2
467050.0,4
467053.0,3
467058.0,4
467060.0,2
467063.0,1
467073.0,4
467079.0,3
467084.0,2
467085.0,3
467088.0,4
467092.0,3
467093.0,4
467098.0,3
467099.0,1
467107.0,3
467111.0,2
467112.0,1
467114.0,2
467116.0,2
467119.0,3
467125.0,2
467132.0,2
467136.0,2
467137.0,3
467138.0,2
467139.0,4
467143.0,2
467144.0,1
467146.0,4
467147.0,2
467157.0,1
467159.0,1
467168.0,1
467180.0,4
467183.0,4
467185.0,2
467189.0,2
467193.0,4
467202.0,4
467212.0,1
467216.0,3
467218.0,3
467223.0,3
467227.0,1
467230.0,4
467232.0,1
467233.0,4
467235.0,2
467238.0,4
467239.0,2
467241.0,4
467242.0,2
467247.0,1
467256.0,3
467260.0,4
467281.0,4
467283.0,3
467300.0,4
467301.0,3
467303.0,4
467309.0,4
467311.0,3
467312.0,4
467313.0,3
467314.0,3
467317.0,2
467322.0,4
467325.0,4
467329.0,4
467338.0,2
467344.0,3
467345.0,2
467346.0,1
467352.0,3
467355.0,4
467358.0,2
467359.0,1
467365.0,3
467367.0,3
467369.0,2
467375.0,3
467378.0,2
467393.0,4
467398.0,4
467399.0,3
467403.0,1
467410.0,4
467415.0,2
467419.0,1
467421.0,1
467422.0,3
467423.0,2
467434.0,3
467437.0,3
467438.0,2
467445.0,3
467449.0,4
467451.0,1
467455.0,1
467456.0,4
467457.0,4
467463.0,3
467472.0,3
467474.0,2
467479.0,2
467481.0,4
467482.0,1
467487.0,4
467492.0,4
467500.0,3
467503.0,2
467505.0,2
467510.0,1
467532.0,2
467533.0,1
467540.0,4
467542.0,2
467559.0,4
467565.0,3
467576.0,4
467579.0,3
467588.0,3
467589.0,4
467592.0,2
467595.0,1
467596.0,2
467604.0,3
467608.0,1
467609.0,3
467610.0,2
467614.0,1
467620.0,4
467621.0,4
467629.0,1
467635.0,2
467641.0,1
467643.0,2
467657.0,4
467658.0,1
467659.0,3
467664.0,1
467666.0,3
467667.0,3
467669.0,4
467673.0,3
467678.0,1
467683.0,4
467684.0,2
467685.0,4
467693.0,2
467694.0,2
467699.0,4
467707.0,2
467710.0,1
467715.0,3
467721.0,3
467723.0,1
467726.0,3
467727.0,1
467728.0,2
467729.0,3
467733.0,1
467734.0,4
467735.0,4
467737.0,1
467739.0,3
467740.0,4
467741.0,3
467749.0,2
467763.0,2
467767.0,2
467768.0,1
467769.0,3
467772.0,2
467779.0,1
467789.0,3
467802.0,1
467803.0,1
467806.0,1
467808.0,3
467812.0,2
467813.0,2
467815.0,4
467825.0,1
467828.0,1
467838.0,3
467848.0,1
467849.0,1
467852.0,1
467856.0,3
467860.0,4
467864.0,1
467865.0,2
467868.0,3
467876.0,4
467880.0,3
467882.0,1
467883.0,2
467888.0,2
467891.0,1
467892.0,4
467894.0,4
467895.0,3
467898.0,1
467901.0,1
467904.0,1
467905.0,3
467911.0,2
467913.0,4
467915.0,2
467917.0,3
467927.0,1
467929.0,4
467930.0,2
467932.0,3
467933.0,3
467934.0,2
467938.0,4
467940.0,4
467946.0,2
467948.0,4
467949.0,4
467950.0,4
467954.0,1
467958.0,4
467961.0,4
467968.0,3
,2
,1
,4
,3
,3
,1
,4
,3
,4
,2
,1
,1
,3
,4
,4
,4
,1
,3
,2
,1
,2
,4
,2
,3
,4
,3
,3
,1
,4
,3
,2
,3
,3
,3
,3
,4
,2
,4
,4
,3
,4
,1
,1
,2
,2
,2
,4
,3
,1
,2
,3
,1
,1
,4
,2
,1
,4
,2
,3
,1
,2
,1
,3
,4
,1
,4
,1
,1
,4
,2
,1
,3
,2
,1
,3
,4
,3
,3
,3
,2
,1
,3
,3
,2
,1
,3
,4
,4
,2
,2
,2
,3
,1
,3
,1
,1
,2
,1
,1
,2
,4
,4
,3
,2
,1
,2
,2
,1
,3
,4
,1
,3
,2
,4
,2
,4
,1
,4
,3
,4
,3
,4
,2
,4
,2
,4
,4
,4
,3
,4
,1
,1
,1
,3
,1
,2
,1
,2
,1
,3
,1
,3
,4
,4
,2
,1
,1
,2
,1
,3
,1
,2
,4
,2
,2
,1
,4
,2
,1
,2
,1
,2
,1
,1
,3
,4
,2
,1
,3
,3
,3
,3
,3
,3
,4
,4
,3
,1
,4
,2
,4
,4
,1
,4
,1
,3
,4
,1
,3
,1
,4
,3
,2
,4
,2
,2
,4
,1
,3
,3
,4
,3
,4
,2
,3
,3
,3
,4
,3
,3
,3
,3
,1
,3
,3
,1
,2
,2
,2
,1
,4
,1
,2
,2
,4
,1
,3
,4
,4
,4
,2
,2
,1
,1
,4
,3
,3
,1
,4
,4
,4
,3
,2
,2
,2
,3
,4
,1
,3
,4
,4
,1
,4
,3
,1
,1
,3
,1
,2
,2
,2
,3
,1
,4
,3
,4
,4
,4
,1
,2
,1
,3
,4
,4
,1
,1
,2
,3
,4
,3
,4
,2
,2
,3
,2
,4
,1
,4
,3
,1
,1
,3
,3
,4
,1
,3
,2
,2
,1
,3
,4
,3
,4
,1
,1
,3
,2
,1
,3
,4
,4
,3
,2
,4
,1
,3
,4
,4
,2
,2
,2
,2
,2
,2
,1
,1
,1
,1
,4
,2
,1
,2
,3
,1
,3
,2
,1
,4
,3
,3
,4
,3
,1
,2
,4
,3
,4
,3
,2
,4
,1
,2
,3
,4
,4
,1
,3
,1
,3
,1
,1
,2
,3
,4
,1
,1
,2
,1
,1
,1
,4
,2
,2
,3
,4
,1
,1
,2
,4
,3
,4
,3
,1
,4
,2
,3
,4
,2
,3
,1
,1
,1
,4
,1
,1
,1
,1
,4
,1
,4
,1
,3
,3
,1
,4
,2
,3
,4
,1
,2
,1
,4
,4
,1
,4
,3
,4
,3
,2
,2
,3
,1
,2
,4
,1
,1
,1
,2
,2
,2
,4
,1
,2
,4
,3
,1
,1
,2
,2
,3
,3
,1
,4
,2
,2
,3
,1
,2
,3
,2
,4
,4
,4
,3
,1
,1
,1
,1
,4
,4
,3
,4
,4
,3
,3
,1
,2
,3
,2
,1
,3
,2
,1
,1
,2
,3
,4
,1
,2
,4
,1
,1
,3
,2
,4
,1
,1
,2
,3
,1
,3
,2
,1
,3
,2
,4
,1
,4
,3
,4
,3
,2
,1
,1
,3
,2
,4
,2
,4
,3
,4
,4
,2
,3
,2
,3
,1
,3
,4
,2
,1
,2
,2
,4
,3
,3
,4
,2
,1
,2
,3
,1
,3
,2
,4
,1
,4
,4
,1
,3
,3
,2
,1
,1
,4
,2
,1
,1
,4
,2
,2
,3
,1
,1
,2
,3
,1
,1
,1
,2
,2
,4
,4
,1
,1
,2
,4
,3
,3
,2
,3
,2
,2
,2
,2
,2
,1
,2
,3
,1
,1
,2
,2
,2
,3
,3
,3
,2
,1
,1
,4
,3
,3
,3
,4
,3
,4
,4
,3
,1
,4
,3
,3
,1
,3
,2
,4
,3
,3
,4
,3
,1
,3
,4
,2
,2
,2
,1
,4
,3
,1
,2
,1
,2
,4
,3
,4
,3
,2
,2
,3
,4
,3
,1
,2
,1
,1
,1
,4
,4
,2
,2
,3
,2
,4
,4
,4
,4
,4
,3
,4
,3
,3
,4
,4
,1
,2
,4
,4
,2
,4
,2
,3
,4
,4
,1
,4
,4
,2
,1
,3
,3
,2
,3
,1
,3
,1
,1
,1
,3
,4
,1
,1
,3
,4
,3
,1
,2
,3
,4
,4
,2
,2
,3
,3
,4
,4
,1
,4
,4
,4
,1
,2
,2
,3
,3
,4
,4
,2
,2
,3
,3
,2
,2
,3
,1
,2
,1
,4
,3
,4
,3
,3
,4
,1
,4
,2
,2
,2
,4
,4
,1
,2
,4
,3
,4
,2
,3
,1
,2
,3
,1
,4
,2
,3
,3
,3
,3
,2
,3
,3
,2
,3
,2
,2
,3
,1
,3
,2
,1
,1
,4
,2
,2
,4
,1
,3
,4
,2
,3
,1
,2
,3
,2
,2
,2
,3
,1
,1
,4
,1
,4
,1
,2
,2
,1
,3
,3
,2
,1
,1
,4
,3
,1
,1
,1
,1
,4
,4
,4
,1
,2
,4
,1
,2
,1
,4
,4
,2
,1
,2
,2
,4
,3
,2
,4
,4
,4
,4
,3
,3
,3
,1
,4
,3
,4
,3
,2
,1
,1
,4
,3
,4
,3
,1
,3
,1
,4
,3
,1
,1
,4
,2
,4
,2
,3
,2
,4
,4
,4
,2
,3
,1
,1
,1
,4
,4
,2
,4
,3
,3
,3
,2
,3
,4
,4
,3
,3
,1
,4
,2
,1
,1
,4
,4
,4
,1
,1
,4
,2
,3
,4
,1
,3
,3
,1
,3
,2
,4
,4
,3
,4
,4
,3
,4
,3
,1
,4
,2
,1
,1
,4
,4
,1
,1
,3
,1
,1
,4
,4
,1
,2
,3
,2
,3
,2
,2
,2
,2
,2
,4
,4
,3
,3
,1
,4
,2
,1
,1
,1
,4
,2
,4
,2
,2
,4
,2
,2
,3
,4
,1
,2
,2
,3
,1
,4
,2
,2
,1
,4
,3
,4
,1
,3
,3
,2
,1
,4
,1
,2
,2
,4
,3
,4
,1
,3
,3
,3
,1
,4
,3
,4
,3
,3
,1
,4
,4
,1
,4
,2
,4
,3
,3
,3
,4
,3
,4
,4
,1
,3
,1
,4
,4
,3
,3
,3
,3
,1
,2
,4
,1
,2
,1
,4
,4
,4
,4
,1
,1
,4
,4
,3
,2
,4
,1
,1
,1
,1
,4
,2
,4
,3
,3
,1
,1
,3
,3
,4
,1
,3
,1
,2
,2
,4
,3
,1
,4
,3
,1
,3
,3
,4
,1
,1
,3
,4
,2
,4
,4
,4
,2
,3
,4
,1
,1
,1
,4
,2
,4
,2
,4
,2
,4
,2
,2
,3
,4
,4
,2
,4
,2
,2
,4
,2
,1
,2
,3
,1
,3
,2
,1
,1
,3
,2
,2
,1
,1
,2
,1
,4
,3
,4
,4
,1
,4
,3
,4
,2
,4
,2
,4
,4
,3
,2
,4
,2
,2
,3
,1
,1
,3
,2
,2
,1
,4
,1
,3
,4
,2
,2
,1
,4
,1
,3
,3
,3
,1
,4
,2
,3
,1
,2
,4
,4
,4
,3
,1
,1
,2
,4
,4
,4
,2
,3
,2
,3
,3
,1
,1
,3
,2
,4
,2
,4
,2
,3
,3
,2
,2
,4
,4
,3
,2
,4
,3
,1
,4
,4
,3
,4
,3
,3
,2
,2
,4
,3
,4
,2
,2
,3
,2
,2
,4
,3
,3
,1
,1
,1
,3
,1
,3
,3
,1
,1
,4
,1
,2
,3
,4
,2
,2
,3
,1
,1
,3
,1
,3
,3
,3
,2
,1
,4
,1
,4
,3
,2
,3
,4
,2
,1
,2
,2
,4
,4
,3
,4
,3
,3
,4
,2
,3
,3
,3
,2
,4
,4
,1
,3
,1
,2
,4
,2
,4
,1
,4
,3
,1
,4
,4
,1
,3
,3
,1
,3
,4
,3
,4
,1
,4
,3
,1
,1
,3
,3
,3
,2
,2
,4
,4
,1
,2
,1
,4
,1
,1
,2
,4
,2
,2
,4
,1
,4
,4
,3
,1
,2
,4
,1
,3
,2
,2
,2
,2
,1
,2
,4
,2
,1
,4
,3
,3
,1
,1
,2
,3
,2
,1
,4
,4
,1
,3
,3
,1
,2
,4
,4
,1
,2
,4
,3
,2
,4
,4
,4
,1
,3
,3
,3
,2
,4
,3
,1
,3
,1
,1
,3
,4
,4
,4
,2
,3
,2
,1
,3
,1
,4
,2
,3
,2
,1
,4
,2
,4
,2
,4
,4
,1
,2
,1
,4
,1
,1
,2
,2
,4
,1
,2
,1
,4
,1
,3
,2
,2
,3
,3
,1
,4
,3
,1
,1
,2
,4
,4
,4
,1
,3
,4
,4
,4
,3
,4
,2
,4
,2
,3
,4
,3
,2
,4
,2
,4
,3
,4
,4
,3
,4
,3
,2
,4
,1
,3
,2
,2
,1
,3
,3
,3
,1
,1
,3
,2
,2
,1
,4
,4
,4
,4
,1
,3
,1
,4
,3
,2
,3
,1
,2
,1
,4
,1
,1
,2
,4
,2
,2
,1
,3
,3
,2
,3
,3
,3
,3
,4
,2
,2
,4
,4
,2
,3
,3
,3
,1
,4
,4
,4
,2
,2
,2
,2
,3
,3
,1
,4
,3
,3
,4
,2
,4
,1
,3
,2
,2
,2
,4
,2
,3
,2
,1
,2
,3
,2
,1
,2
,1
,3
,2
,4
,3
,3
,2
,2
,1
,1
,2
,2
,2
,2
,4
,2
,3
,2
,3
,3
,2
,1
,2
,1
,3
,3
,2
,4
,1
,1
,2
,4
,4
,3
,3
,4
,1
,4
,1
,4
,3
,2
,2
,3
,2
,1
,2
,3
,4
,4
,2
,4
,3
,2
,1
,4
,4
,4
,3
,1
,3
,2
,1
,3
,2
,4
,1
,4
,1
,4
,4
,1
,3
,3
,1
,4
,2
,3
,3
,1
,4
,1
,2
,3
,3
,3
,3
,4
,1
,4
,2
,4
,4
,1
,3
,3
,3
,2
,3
,4
,4
,2
,3
,2
,3
,1
,4
,3
,4
,2
,4
,3
,4
,1
,4
,3
,2
,1
,4
,2
,4
,2
,1
,2
,4
,2
,1
,1
,4
,3
,3
,3
,3
,3
,4
,2
,1
,4
,2
,3
,4
,1
,1
,3
,3
,3
,3
,4
,3
,4
,1
,4
,4
,4
,2
,3
,2
,4
,2
,4
,2
,3
,1
,2
,1
,4
,2
,2
,2
,1
,3
,2
,4
,1
,2
,3
,1
,4
,2
,2
,3
,4
,4
,4
,2
,1
,4
,4
,4
,3
,1
,3
,1
,1
,2
,2
,4
,2
,3
,2
,1
,3
,4
,2
,4
,4
,3
,2
,3
,4
,4
,4
,4
,1
,3
,3
,4
,2
,2
,4
,1
,1
,4
,4
,4
,4
,1
,4
,2
,3
,1
,4
,4
,4
,2
,2
,3
,3
,1
,4
,4
,3
,4
,1
,2
,4
,2
,3
,2
,4
,4
,1
,2
,3
,3
,1
,3
,4
,4
,2
,4
,3
,1
,3
,1
,1
,4
,1
,4
,4
,2
,4
,1
,1
,4
,4
,3
,2
,1
,1
,3
,2
,4
,4
,3
,1
,4
,1
,4
,1
,1
,2
,1
,4
,4
,2
,2
,4
,3
,3
,4
,2
,4
,3
,2
,1
,4
,4
,1
,3
,4
,4
,2
,2
,4
,3
,2
,2
,3
,2
,1
,3
,1
,3
,2
,2
,4
,3
,2
,3
,2
,2
,3
,4
,1
,4
,3
,4
,4
,3
,3
,3
,2
,4
,1
,1
,2
,4
,4
,2
,4
,4
,4
,2
,4
,4
,2
,3
,2
,1
,4
,2
,3
,4
,1
,2
,1
,3
,3
,1
,3
,3
,4
,4
,3
,3
,1
,2
,3
,1
,4
,1
,2
,3
,3
,3
,2
,3
,2
,1
,2
,2
,2
,4
,3
,3
,4
,4
,3
,2
,1
,3
,4
,2
,1
,1
,2
,4
,2
,3
,1
,2
,3
,2
,4
,3
,3
,2
,2
,1
,2
,3
,4
,2
,2
,1
,2
,1
,4
,2
,2
,1
,3
,1
,1
,4
,2
,4
,4
,2
,3
,4
,4
,3
,2
,4
,2
,4
,1
,4
,4
,3
,2
,4
,2
,1
,2
,1
,2
,2
,4
,1
,4
,3
,1
,1
,4
,4
,1
,4
,3
,3
,1
,1
,2
,1
,4
,2
,1
,4
,4
,4
,3
,2
,3
,1
,4
,1
,1
,4
,4
,2
,3
,2
,3
,3
,1
,1
,1
,3
,3
,3
,4
,3
,4
,3
,3
,4
,4
,3
,1
,3
,2
,3
,4
,4
,1
,1
,1
,1
,4
,1
,3
,3
,4
,4
,2
,2
,1
,1
,2
,3
,3
,3
,1
,3
,3
,4
,2
,1
,4
,2
,3
,2
,3
,2
,1
,2
,3
,3
,3
,2
,1
,3
,1
,3
,2
,2
,1
,3
,1
,2
,1
,2
,4
,1
,2
,3
,3
,4
,4
,2
,1
,1
,1
,3
,2
,2
,4
,2
,1
,1
,4
,2
,3
,2
,2
,2
,1
,2
,4
,2
,3
,2
,2
,3
,2
,3
,3
,2
,1
,1
,3
,3
,1
,1
,4
,3
,1
,4
,3
,1
,3
,4
,2
,3
,1
,3
,1
,3
,4
,1
,3
,3
,1
,4
,1
,3
,1
,3
,3
,1
,1
,4
,4
,4
,3
,1
,3
,4
,4
,4
,2
,3
,2
,1
,4
,4
,3
,4
,1
,2
,2
,1
,4
,4
,4
,1
,2
,1
,2
,3
,3
,2
,1
,3
,4
,3
,4
,1
,3
,1
,3
,2
,1
,1
,1
,1
,1
,4
,3
,2
,4
,4
,4
,3
,4
,4
,2
,1
,2
,3
,3
,4
,4
,3
,3
,2
,1
,1
,2
,2
,1
,2
,1
,4
,4
,2
,1
,4
,1
,3
,1
,2
,4
,4
,3
,3
,3
,2
,1
,2
,1
,4
,1
,2
,4
,4
,3
,2
,4
,3
,2
,1
,2
,2
,3
,2
,4
,3
,2
,2
,4
,2
,2
,2
,3
,2
,2
,4
,1
,1
,4
,4
,2
,4
,2
,3
,4
,3
,2
,3
,2
,3
,1
,1
,3
,2
,3
,1
,1
,4
,3
,3
,1
,4
,3
,1
,4
,4
,2
,4
,4
,2
,4
,3
,4
,4
,4
,4
,2
,1
,4
,3
,1
,4
,4
,2
,2
,4
,4
,2
,4
,3
,1
,4
,1
,1
,2
,2
,1
,3
,3
,4
,1
,1
,3
,1
,3
,2
,1
,2
,2
,2
,1
,1
,4
,3
,1
,4
,4
,1
,3
,3
,3
,4
,1
,2
,4
,2
,1
,3
,3
,3
,2
,3
,3
,1
,3
,4
,2
,2
,3
,3
,2
,3
,4
,2
,1
,1
,4
,4
,1
,2
,1
,2
,4
,1
,2
,1
,2
,1
,2
,4
,3
,4
,1
,2
,3
,2
,1
,3
,3
,4
,4
,4
,4
,2
,4
,3
,1
,4
,3
,3
,3
,2
,3
,3
,3
,2
,1
,1
,2
,1
,3
,1
,3
,4
,1
,2
,2
,2
,3
,2
,3
,1
,4
,3
,2
,4
,3
,2
,3
,4
,2
,3
,2
,4
,4
,3
,3
,4
,3
,4
,4
,3
,1
,2
,2
,4
,4
,3
,1
,2
,3
,1
,2
,4
,2
,4
,4
,1
,1
,4
,2
,1
,3
,2
,4
,3
,1
,3
,4
,2
,3
,2
,2
,3
,2
,2
,1
,2
,3
,1
,1
,3
,4
,2
,4
,3
,2
,1
,2
,2
,1
,2
,3
,2
,2
,4
,4
,3
,2
,4
,3
,1
,2
,2
,2
,4
,3
,2
,4
,1
,2
,4
,1
,3
,1
,2
,1
,2
,4
,1
,2
,3
,3
,4
,4
,2
,3
,2
,4
,4
,3
,4
,1
,2
,4
,3
,1
,1
,4
,2
,2
,1
,1
,4
,2
,2
,2
,3
,1
,3
,3
,4
,1
,1
,2
,2
,3
,3
,2
,4
,3
,3
,2
,2
,3
,2
,4
,3
,4
,3
,2
,4
,1
,4
,1
,3
,1
,1
,1
,2
,4
,4
,2
,4
,4
,3
,1
,4
,3
,2
,1
,1
,4
,4
,2
,4
,2
,2
,3
,4
,1
,2
,1
,3
,3
,3
,4
,2
,1
,3
,1
,4
,4
,1
,1
,3
,1
,2
,3
,2
,1
,1
,1
,2
,4
,1
,3
,3
,4
,1
,2
,2
,2
,3
,2
,4
,2
,3
,3
,1
,1
,1
,1
,3
,2
,1
,1
,2
,2
,1
,4
,1
,1
,2
,4
,2
,2
,3
,4
,1
,4
,3
,1
,4
,2
,2
,1
,1
,1
,4
,4
,3
,1
,1
,4
,2
,1
,2
,1
,4
,2
,4
,2
,4
,1
,2
,1
,3
,3
,2
,4
,3
,1
,3
,3
,2
,2
,4
,2
,4
,1
,3
,1
,3
,2
,1
,3
,1
,1
,4
,1
,4
,1
,4
,4
,3
,2
,3
,4
,4
,3
,4
,2
,2
,1
,3
,3
,3
,2
,2
,1
,4
,2
,3
,2
,3
,4
,2
,3
,3
,2
,2
,1
,2
,2
,2
,2
,2
,2
,2
,2
,2
,3
,1
,3
,2
,1
,4
,4
,1
,4
,1
,4
,3
,1
,2
,4
,1
,2
,3
,3
,3
,4
,3
,4
,2
,2
,2
,2
,3
,1
,3
,2
,4
,1
,2
,3
,2
,3
,2
,1
,1
,1
,3
,3
,1
,1
,2
,2
,2
,4
,1
,4
,1
,1
,4
,2
,3
,2
,1
,2
,2
,4
,2
,3
,1
,3
,4
,3
,1
,2
,1
,3
,3
,3
,4
,3
,1
,2
,3
,1
,3
,4
,2
,3
,3
,1
,3
,3
,1
,3
,2
,4
,4
,4
,3
,1
,3
,4
,1
,1
,2
,2
,3
,3
,1
,1
,3
,3
,4
,1
,3
,4
,3
,3
,4
,1
,4
,1
,3
,3
,1
,3
,4
,3
,2
,3
,4
,3
,3
,3
,4
,3
,4
,4
,1
,2
,4
,4
,3
,3
,1
,2
,4
,3
,3
,3
,2
,3
,2
,2
,3
,2
,1
,2
,1
,2
,4
,4
,3
,4
,2
,3
,4
,1
,4
,3
,4
,2
,3
,1
,1
,2
,4
,3
,4
,1
,3
,3
,1
,4
,2
,3
,4
,4
,2
,2
,4
,4
,1
,1
,4
,4
,4
,2
,1
,4
,3
,3
,4
,1
,2
,1
,4
,4
,2
,1
,1
,2
,3
,3
,3
,1
,4
,1
,4
,4
,4
,3
,2
,2
,1
,3
,1
,3
,3
,2
,3
,4
,1
,1
,1
,4
,4
,2
,1
,4
,3
,3
,4
,3
,3
,2
,4
,1
,3
,3
,3
,3
,1
,1
,1
,4
,1
,1
,2
,4
,1
,1
,4
,1
,2
,4
,3
,3
,4
,1
,4
,4
,2
,3
,1
,3
,2
,3
,4
,3
,4
,2
,1
,3
,3
,2
,1
,1
,3
,4
,4
,2
,3
,4
,2
,3
,3
,4
,4
,3
,4
,4
,2
,2
,1
,3
,4
,2
,1
,3
,4
,3
,4
,2
,1
,2
,1
,3
,4
,2
,1
,4
,2
,2
,1
,3
,3
,3
,1
,3
,1
,4
,2
,4
,4
,2
,4
,3
,3
,4
,2
,2
,3
,4
,4
,2
,4
,2
,1
,2
,1
,4
,4
,3
,3
,4
,4
,4
,2
,1
,1
,3
,2
,1
,4
,1
,2
,4
,2
,3
,4
,4
,4
,2
,4
,4
,2
,2
,4
,2
,2
,4
,4
,4
,2
,3
,1
,2
,4
,1
,4
,2
,3
,1
,4
,3
,2
,1
,3
,4
,4
,1
,2
,1
,2
,1
,2
,2
,4
,3
,1
,4
,2
,2
,2
,3
,2
,2
,2
,3
,2
,2
,3
,3
,4
,1
,3
,2
,1
,4
,3
,3
,4
,2
,1
,3
,2
,3
,4
,3
,4
,3
,3
,3
,4
,3
,3
,3
,3
,2
,3
,4
,1
,2
,3
,4
,2
,4
,4
,1
,2
,1
,4
,4
,1
,4
,2
,2
,3
,2
,2
,3
,4
,4
,1
,3
,3
,1
,2
,4
,4
,3
,1
,2
,2
,1
,3
,1
,1
,1
,2
,4
,2
,3
,1
,3
,2
,3
,2
,3
,3
,4
,1
,4
,1
,2
,2
,1
,3
,1
,1
,1
,1
,1
,1
,3
,2
,3
,1
,4
,3
,1
,4
,2
,2
,3
,1
,2
,1
,3
,2
,4
,3
,4
,3
,3
,3
,1
,3
,1
,3
,3
,4
,4
,4
,4
,3
,1
,4
,4
,1
,3
,4
,4
,3
,2
,1
,3
,4
,2
,2
,1
,2
,2
,4
,1
,4
,2
,1
,3
,3
,3
,1
,2
,1
,1
,4
,1
,2
,4
,2
,4
,2
,1
,3
,3
,1
,4
,1
,1
,1
,1
,2
,2
,1
,3
,1
,2
,1
,4
,2
,4
,3
,4
,1
,3
,3
,1
,4
,3
,2
,3
,2
,4
,3
,1
,1
,1
,4
,3
,1
,1
,3
,2
,3
,4
,3
,4
,2
,4
,3
,3
,3
,3
,2
,3
,2
,2
,4
,1
,1
,3
,1
,1
,2
,2
,3
,4
,2
,3
,1
,3
,4
,2
,4
,2
,1
,1
,2
,4
,4
,1
,3
,4
,3
,2
,2
,2
,3
,1
,3
,3
,2
,1
,3
,4
,3
,1
,2
,1
,3
,1
,3
,1
,4
,4
,3
,3
,4
,2
,1
,3
,4
,2
,1
,2
,2
,2
,1
,2
,2
,4
,3
,4
,2
,2
,4
,2
,4
,3
,3
,3
,1
,1
,2
,4
,4
,1
,3
,1
,2
,4
,4
,4
,3
,4
,4
,2
,3
,1
,4
,4
,3
,1
,2
,1
,1
,4
,2
,3
,2
,4
,2
,1
,3
,3
,2
,4
,4
,3
,1
,2
,4
,1
,3
,2
,3
,2
,1
,2
,2
,1
,4
,4
,2
,4
,3
,2
,1
,2
,3
,1
,1
,4
,4
,4
,4
,3
,1
,2
,2
,4
,2
,1
,3
,4
,2
,3
,4
,1
,1
,2
,2
,4
,2
,4
,1
,3
,3
,1
,4
,4
,4
,4
,3
,3
,4
,3
,4
,4
,3
,1
,4
,2
,3
,2
,2
,1
,2
,2
,2
,3
,2
,1
,3
,4
,2
,4
,2
,1
,4
,4
,4
,2
,4
,4
,1
,1
,1
,4
,1
,4
,4
,2
,4
,4
,1
,2
,4
,3
,3
,3
,3
,2
,2
,1
,4
,2
,3
,2
,4
,2
,4
,1
,3
,2
,4
,4
,1
,3
,1
,1
,3
,2
,1
,3
,3
,4
,3
,4
,4
,4
,2
,3
,4
,4
,3
,3
,3
,1
,4
,1
,3
,1
,1
,2
,1
,2
,1
,3
,1
,2
,4
,4
,1
,4
,1
,2
,4
,4
,3
,4
,3
,2
,2
,2
,2
,2
,4
,2
,4
,3
,4
,1
,4
,3
,4
,1
,3
,1
,3
,1
,2
,3
,1
,1
,1
,3
,3
,2
,4
,2
,2
,4
,3
,4
,2
,2
,1
,3
,4
,2
,3
,3
,1
,1
,1
,4
,1
,2
,3
,2
,3
,3
,1
,2
,3
,1
,3
,3
,1
,3
,3
,2
,4
,2
,3
,3
,1
,1
,2
,2
,2
,3
,1
,4
,4
,3
,4
,4
,1
,4
,3
,1
,3
,1
,2
,2
,4
,3
,3
,1
,1
,2
,3
,3
,1
,2
,2
,3
,4
,4
,1
,1
,3
,2
,2
,3
,1
,1
,4
,2
,1
,2
,1
,1
,4
,3
,1
,2
,4
,1
,2
,1
,4
,3
,2
,3
,3
,1
,4
,2
,1
,1
,2
,4
,2
,3
,3
,1
,2
,2
,1
,4
,3
,2
,3
,3
,1
,4
,3
,3
,2
,2
,3
,3
,3
,1
,3
,2
,1
,3
,2
,1
,2
,4
,4
,2
,1
,2
,3
,3
,2
,1
,2
,1
,3
,3
,2
,3
,3
,4
,1
,4
,3
,2
,3
,2
,3
,3
,3
,1
,3
,3
,3
,2
,2
,3
,4
,3
,4
,1
,1
,3
,1
,3
,4
,1
,4
,3
,1
,3
,3
,4
,4
,2
,4
,1
,2
,2
,3
,1
,3
,2
,3
,4
,2
,4
,2
,4
,2
,4
,3
,1
,2
,1
,1
,1
,3
,2
,4
,3
,4
,3
,1
,4
,4
,1
,3
,3
,4
,1
,1
,2
,1
,1
,3
,2
,1
,4
,2
,4
,3
,2
,3
,2
,4
,3
,1
,4
,1
,1
,3
,1
,2
,4
,3
,3
,3
,1
,1
,1
,2
,2
,3
,2
,1
,1
,1
,4
,4
,2
,1
,4
,1
,2
,2
,3
,3
,3
,3
,3
,2
,1
,3
,1
,2
,2
,1
,2
,1
,2
,4
,4
,2
,4
,2
,1
,1
,4
,1
,2
,1
,3
,3
,4
,2
,2
,4
,3
,3
,4
,1
,3
,1
,4
,4
,4
,3
,2
,4
,2
,1
,1
,2
,1
,4
,4
,2
,4
,2
,3
,4
,4
,2
,1
,1
,1
,4
,3
,2
,3
,3
,1
,1
,4
,3
,4
,2
,2
,3
,2
,1
,4
,4
,3
,2
,3
,4
,1
,3
,4
,3
,3
,2
,1
,3
,1
,3
,2
,3
,1
,4
,3
,4
,3
,2
,3
,2
,1
,1
,4
,1
,2
,2
,4
,3
,2
,4
,4
,1
,1
,2
,3
,1
,3
,3
,3
,3
,4
,3
,1
,1
,1
,2
,1
,2
,4
,3
,2
,4
,4
,4
,3
,2
,3
,3
,4
,3
,3
,4
,2
,1
,4
,1
,2
,4
,2
,2
,2
,4
,2
,4
,2
,3
,3
,2
,3
,1
,3
,4
,3
,1
,1
,3
,4
,4
,2
,1
,4
,3
,2
,2
,1
,1
,4
,3
,1
,1
,1
,4
,3
,2
,4
,3
,4
,3
,3
,4
,2
,2
,1
,1
,4
,1
,4
,1
,3
,4
,2
,2
,2
,2
,3
,1
,1
,1
,1
,4
,3
,1
,4
,3
,4
,4
,1
,4
,2
,3
,1
,2
,4
,3
,4
,2
,4
,4
,3
,3
,1
,1
,1
,2
,3
,1
,4
,4
,1
,1
,3
,3
,3
,4
,3
,1
,4
,2
,4
,3
,2
,4
,2
,2
,4
,3
,1
,4
,2
,1
,1
,1
,1
,3
,3
,1
,2
,3
,3
,4
,3
,3
,1
,3
,3
,1
,4
,1
,3
,1
,2
,2
,2
,3
,4
,2
,4
,3
,1
,1
,2
,1
,3
,2
,3
,3
,1
,4
,2
,2
,1
,3
,2
,4
,1
,4
,4
,3
,3
,3
,4
,1
,2
,3
,4
,2
,3
,4
,3
,3
,2
,2
,4
,4
,4
,2
,2
,4
,3
,1
,2
,3
,4
,4
,2
,2
,3
,4
,4
,3
,1
,2
,3
,4
,2
,3
,4
,1
,3
,4
,4
,4
,4
,3
,3
,3
,4
,4
,4
,4
,4
,4
,4
,4
,2
,1
,2
,1
,3
,2
,2
,4
,2
,1
,3
,3
,1
,4
,3
,1
,1
,4
,4
,2
,4
,3
,4
,2
,4
,1
,3
,1
,1
,3
,2
,3
,4
,3
,3
,2
,4
,2
,3
,3
,3
,1
,2
,3
,3
,4
,1
,2
,2
,4
,3
,3
,3
,4
,3
,2
,2
,2
,4
,1
,3
,4
,2
,4
,4
,4
,2
,4
,1
,1
,4
,3
,1
,3
,4
,4
,3
,1
,3
,3
,4
,4
,2
,1
,1
,1
,1
,3
,2
,4
,1
,4
,4
,3
,2
,1
,2
,4
,3
,3
,2
,2
,1
,3
,1
,1
,1
,4
,1
,3
,4
,4
,4
,3
,2
,3
,4
,4
,3
,3
,3
,3
,4
,1
,4
,2
,3
,1
,4
,4
,1
,3
,3
,4
,4
,3
,3
,4
,3
,1
,3
,4
,2
,1
,3
,2
,4
,4
,4
,4
,3
,1
,1
,4
,4
,2
,4
,2
,4
,1
,3
,1
,3
,4
,2
,4
,3
,3
,4
,3
,3
,4
,1
,4
,4
,2
,2
,3
,3
,2
,4
,4
,3
,2
,1
,2
,4
,3
,1
,3
,4
,2
,4
,2
,4
,1
,4
,1
,3
,2
,4
,4
,2
,2
